teamID,yearID,G,W,L,wins_162,name,payroll_norm,log_payroll_norm,WP
ARI,1998,162,65,97,65,Arizona Diamondbacks,0.6427768471,-0.441957665,0.4012345679012346
ARI,1999,162,100,62,100,Arizona Diamondbacks,1.5215944968,0.4197587961,0.6172839506172839
ARI,2000,162,85,77,85,Arizona Diamondbacks,1.262560778,0.233142022,0.5246913580246914
ARI,2002,162,98,64,98,Arizona Diamondbacks,1.6205289881,0.4827526318,0.6049382716049383
ARI,2003,162,84,78,84,Arizona Diamondbacks,1.1393095931,0.1304224589,0.5185185185185185
ARI,2004,162,51,111,51,Arizona Diamondbacks,1.0700517539,0.0677070154,0.3148148148148148
ARI,2005,162,77,85,77,Arizona Diamondbacks,0.9021184218,-0.103009479,0.47530864197530864
ARI,2006,162,76,86,76,Arizona Diamondbacks,0.8222600736,-0.195698543,0.4691358024691358
ARI,2007,162,90,72,90,Arizona Diamondbacks,0.5964835506,-0.516703614,0.5555555555555556
ARI,2008,162,82,80,82,Arizona Diamondbacks,0.8179485754,-0.200955811,0.5061728395061729
ARI,2010,162,65,97,65,Arizona Diamondbacks,0.8349353265,-0.18040101,0.4012345679012346
ARI,2011,162,94,68,94,Arizona Diamondbacks,0.6204638183,-0.477287987,0.5802469135802469
ARI,2013,162,81,81,81,Arizona Diamondbacks,0.9283470656,-0.074349623,0.5
ARI,2014,162,64,98,64,Arizona Diamondbacks,1.0612114509,0.0594111337,0.3950617283950617
ARI,2017,162,93,69,93,Arizona Diamondbacks,0.6876541837,-0.374469207,0.5740740740740741
ARI,2018,162,82,80,82,Arizona Diamondbacks,0.9818688247,-0.018297559,0.5061728395061729
ARI,2020,60,25,35,67.5,Arizona Diamondbacks,1.0148869422,0.0147772193,0.4166666666666667
ARI,2021,162,52,110,52,Arizona Diamondbacks,0.6785815621,-0.387750597,0.32098765432098764
ARI,2022,162,74,88,74,Arizona Diamondbacks,0.5889262788,-0.529454266,0.4567901234567901
ATL,1998,162,106,56,106,Atlanta Braves,1.3122906013,0.2717741609,0.654320987654321
ATL,2001,162,88,74,88,Atlanta Braves,1.4008537915,0.33708190179999997,0.5432098765432098
ATL,2002,161,101,59,101.62732919,Atlanta Braves,1.4731709855,0.3874172105,0.6273291925465838
ATL,2003,162,101,61,101,Atlanta Braves,1.5010407884,0.4061587264,0.6234567901234568
ATL,2004,162,96,66,96,Atlanta Braves,1.382902051,0.3241842266,0.5925925925925926
ATL,2005,162,90,72,90,Atlanta Braves,1.2513359289,0.2242117237,0.5555555555555556
ATL,2006,162,79,83,79,Atlanta Braves,1.2420769183,0.2167849126,0.4876543209876543
ATL,2007,162,84,78,84,Atlanta Braves,1,0,0.5185185185185185
ATL,2008,162,72,90,72,Atlanta Braves,1.264749767,0.2348742899,0.4444444444444444
ATL,2009,162,86,76,86,Atlanta Braves,1.1856724056,0.1703100446,0.5308641975308642
ATL,2010,162,91,71,91,Atlanta Braves,0.9279083046,-0.074822361,0.5617283950617284
ATL,2011,162,89,73,89,Atlanta Braves,1,0,0.5493827160493827
ATL,2012,162,94,68,94,Atlanta Braves,0.9947927948,-0.00522081,0.5802469135802469
ATL,2014,162,79,83,79,Atlanta Braves,1.0583129482,0.056676082,0.4876543209876543
ATL,2015,162,67,95,67,Atlanta Braves,0.8298224619,-0.186543502,0.41358024691358025
ATL,2018,162,90,72,90,Atlanta Braves,0.8827583721,-0.12470376,0.5555555555555556
ATL,2019,162,97,65,97,Atlanta Braves,0.9371732918,-0.064887071,0.5987654320987654
ATL,2021,162,89,73,89,Atlanta Braves,1.4434389515,0.3670284272,0.5493827160493827
ATL,2022,162,101,61,101,Atlanta Braves,1.5907251758,0.4641899977,0.6234567901234568
ATL,2023,162,104,58,104,Atlanta Braves,1.9012530873,0.6425131884,0.6419753086419753
BAL,1998,162,79,83,79,Baltimore Orioles,1.55193383,0.4395017856,0.4876543209876543
BAL,1999,162,78,84,78,Baltimore Orioles,1.5312676095,0.4260958953,0.48148148148148145
BAL,2001,162,63,98,63,Baltimore Orioles,1.1318154611,0.1238229462,0.3888888888888889
BAL,2002,162,67,95,67,Baltimore Orioles,0.9534278373,-0.047691539,0.41358024691358025
BAL,2004,162,78,84,78,Baltimore Orioles,0.791617144,-0.233677408,0.48148148148148145
BAL,2005,162,74,88,74,Baltimore Orioles,1.069795823,0.0674678106,0.4567901234567901
BAL,2006,162,70,92,70,Baltimore Orioles,1,0,0.43209876543209874
BAL,2007,162,69,93,69,Baltimore Orioles,1.0717598261,0.0693019948,0.42592592592592593
BAL,2008,161,68,93,68.422360248,Baltimore Orioles,0.8302238991,-0.186059857,0.422360248447205
BAL,2009,162,64,98,64,Baltimore Orioles,0.8225343466,-0.195365038,0.3950617283950617
BAL,2010,162,66,96,66,Baltimore Orioles,0.8164377046,-0.202804665,0.4074074074074074
BAL,2012,162,93,69,93,Baltimore Orioles,0.8945225358,-0.111465183,0.5740740740740741
BAL,2013,162,85,77,85,Baltimore Orioles,0.9922212013,-0.007809211,0.5246913580246914
BAL,2014,162,96,66,96,Baltimore Orioles,1.0202111907,0.0200096555,0.5925925925925926
BAL,2015,162,81,81,81,Baltimore Orioles,1.0169164437,0.0167749541,0.5
BAL,2016,162,89,73,89,Baltimore Orioles,1.2008312496,0.183014025,0.5493827160493827
BAL,2017,162,75,87,75,Baltimore Orioles,1.2134808524,0.1934929672,0.46296296296296297
BAL,2018,162,47,115,47,Baltimore Orioles,1.1088105042,0.1032878229,0.29012345679012347
BAL,2019,162,54,108,54,Baltimore Orioles,0.6524995555,-0.426944821,0.3333333333333333
BAL,2022,162,83,79,83,Baltimore Orioles,0.2822779507,-1.264863053,0.5123456790123457
BAL,2023,162,101,61,101,Baltimore Orioles,0.638930022,-0.447960342,0.6234567901234568
BOS,1998,162,92,70,92,Boston Red Sox,1.1384015165,0.1296250999,0.5679012345679012
BOS,1999,162,94,68,94,Boston Red Sox,1.5507632244,0.4387472126,0.5802469135802469
BOS,2000,162,85,77,85,Boston Red Sox,1.3160453809,0.2746313163,0.5246913580246914
BOS,2001,161,82,79,82.50931677,Boston Red Sox,1.6766435771,0.5167939242,0.5093167701863354
BOS,2002,162,93,69,93,Boston Red Sox,1.7079395377,0.5352876953,0.5740740740740741
BOS,2003,162,95,67,95,Boston Red Sox,1.4120726194,0.3450585679,0.5864197530864198
BOS,2004,162,98,64,98,Boston Red Sox,1.9520567376,0.668883554,0.6049382716049383
BOS,2006,162,86,76,86,Boston Red Sox,1.6545961428,0.5035569566,0.5308641975308642
BOS,2008,162,95,67,95,Boston Red Sox,1.6480622289,0.499600191,0.5864197530864198
BOS,2009,162,95,67,95,Boston Red Sox,1.4923663108,0.4003629883,0.5864197530864198
BOS,2010,162,89,73,89,Boston Red Sox,1.8594574927,0.6202847746,0.5493827160493827
BOS,2011,162,90,72,90,Boston Red Sox,1.7993665934,0.5874347104,0.5555555555555556
BOS,2012,162,69,93,69,Boston Red Sox,1.8639707214,0.6227090088,0.42592592592592593
BOS,2013,162,97,65,97,Boston Red Sox,1.6625760558,0.5083682403,0.5987654320987654
BOS,2014,162,71,91,71,Boston Red Sox,1.4772719972,0.3901971417,0.4382716049382716
BOS,2016,162,93,69,93,Boston Red Sox,1.6090334112,0.475633633,0.5740740740740741
BOS,2017,162,93,69,93,Boston Red Sox,1.4550676556,0.3750523982,0.5740740740740741
BOS,2018,162,108,54,108,Boston Red Sox,1.7444914709,0.5564630925,0.6666666666666666
BOS,2019,162,84,78,84,Boston Red Sox,1.9205131988,0.6525924414,0.5185185185185185
BOS,2021,162,92,70,92,Boston Red Sox,1.7700061057,0.5709829961,0.5679012345679012
BOS,2022,162,78,84,78,Boston Red Sox,1.2156793362,0.195303045,0.48148148148148145
BOS,2023,162,78,84,78,Boston Red Sox,1.5392071556,0.4312674498,0.48148148148148145
CHA,1998,163,80,82,79.509202454,Chicago White Sox,0.8120260977,-0.208222799,0.49079754601226994
CHA,1999,162,75,86,75,Chicago White Sox,0.5308315276,-0.633310582,0.46296296296296297
CHA,2000,162,95,67,95,Chicago White Sox,0.5056726094,-0.681865836,0.5864197530864198
CHA,2001,162,83,79,83,Chicago White Sox,1,0,0.5123456790123457
CHA,2002,162,81,81,81,Chicago White Sox,0.899200259,-0.106249512,0.5
CHA,2003,162,86,76,86,Chicago White Sox,0.720683809,-0.327554783,0.5308641975308642
CHA,2004,162,83,79,83,Chicago White Sox,1,0,0.5123456790123457
CHA,2005,162,99,63,99,Chicago White Sox,1.0880854513,0.0844196851,0.6111111111111112
CHA,2007,162,72,90,72,Chicago White Sox,1.2449398094,0.2190871829,0.4444444444444444
CHA,2008,163,89,74,88.45398773,Chicago White Sox,1.4973199505,0.4036768104,0.5460122699386503
CHA,2009,162,79,83,79,Chicago White Sox,1.177610715,0.1634875679,0.4876543209876543
CHA,2010,162,88,74,88,Chicago White Sox,1.1401645872,0.1311726267,0.5432098765432098
CHA,2011,162,79,83,79,Chicago White Sox,1.4035879851,0.3390318047,0.4876543209876543
CHA,2012,162,85,77,85,Chicago White Sox,1.0388245568,0.0380898401,0.5246913580246914
CHA,2013,162,63,99,63,Chicago White Sox,1.2791806205,0.2462197327,0.3888888888888889
CHA,2014,162,73,89,73,Chicago White Sox,0.85095579,-0.161395102,0.4506172839506173
CHA,2015,162,76,86,76,Chicago White Sox,1.0138697329,0.0137744284,0.4691358024691358
CHA,2016,162,78,84,78,Chicago White Sox,0.9309372388,-0.071563417,0.48148148148148145
CHA,2018,162,62,100,62,Chicago White Sox,0.5314915854,-0.632067913,0.38271604938271603
CHA,2020,60,35,25,94.5,Chicago White Sox,0.8919786046,-0.114313133,0.5833333333333334
CHA,2021,162,93,69,93,Chicago White Sox,1.5745100843,0.4539441663,0.5740740740740741
CHA,2022,162,81,81,81,Chicago White Sox,1.7132575248,0.5383965436,0.5
CHA,2023,162,61,101,61,Chicago White Sox,1.1285009666,0.1208901738,0.3765432098765432
CHN,1999,162,67,95,67,Chicago Cubs,1.19720348,0.1799884038,0.41358024691358025
CHN,2000,162,65,97,65,Chicago Cubs,1.0064829822,0.006462058,0.4012345679012346
CHN,2001,162,88,74,88,Chicago Cubs,0.9860909258,-0.014006712,0.5432098765432098
CHN,2002,162,67,95,67,Chicago Cubs,1.1929506925,0.17642981160000001,0.41358024691358025
CHN,2004,162,89,73,89,Chicago Cubs,1.3886908185,0.3283614461,0.5493827160493827
CHN,2006,162,66,96,66,Chicago Cubs,1.3008712805,0.2630342557,0.4074074074074074
CHN,2007,162,85,77,85,Chicago Cubs,1.1418190041,0.1326226084,0.5246913580246914
CHN,2009,161,83,78,83.51552795,Chicago Cubs,1.6524929907,0.5022850511,0.515527950310559
CHN,2010,162,75,87,75,Chicago Cubs,1.5967502876,0.4679704936,0.46296296296296297
CHN,2011,162,71,91,71,Chicago Cubs,1.4718512889,0.3865209887,0.4382716049382716
CHN,2012,162,61,101,61,Chicago Cubs,1.1626981325,0.1507432805,0.3765432098765432
CHN,2013,162,66,96,66,Chicago Cubs,1.1492699047,0.1391268753,0.4074074074074074
CHN,2014,162,73,89,73,Chicago Cubs,0.8756608318,-0.132776441,0.4506172839506173
CHN,2016,162,103,58,103,Chicago Cubs,1.3952987496,0.3331085498,0.6358024691358025
CHN,2017,162,92,70,92,Chicago Cubs,1.2716249386,0.2402955618,0.5679012345679012
CHN,2019,162,84,78,84,Chicago Cubs,1.6514141391,0.5016319749,0.5185185185185185
CHN,2020,60,34,26,91.8,Chicago Cubs,1.3046022964,0.2658982406,0.5666666666666667
CHN,2021,162,71,91,71,Chicago Cubs,0.4171901926,-0.874213064,0.4382716049382716
CHN,2022,162,74,88,74,Chicago Cubs,0.9217450164,-0.081486649,0.4567901234567901
CHN,2023,162,83,79,83,Chicago Cubs,1.6135720593,0.4784503918,0.5123456790123457
CIN,1998,162,77,85,77,Cincinnati Reds,0.4848130841,-0.723991856,0.47530864197530864
CIN,2000,163,85,77,84.478527607,Cincinnati Reds,0.71636953,-0.333559142,0.5214723926380368
CIN,2001,162,66,96,66,Cincinnati Reds,0.7464116253,-0.292478054,0.4074074074074074
CIN,2002,162,78,84,78,Cincinnati Reds,0.7100317412,-0.342445604,0.48148148148148145
CIN,2004,162,76,86,76,Cincinnati Reds,0.7148207782,-0.335723428,0.4691358024691358
CIN,2005,163,73,89,72.552147239,Cincinnati Reds,0.8957995571,-0.1100386,0.44785276073619634
CIN,2006,162,80,82,80,Cincinnati Reds,0.8391407401,-0.175376839,0.49382716049382713
CIN,2007,162,72,90,72,Cincinnati Reds,0.7893724648,-0.236516998,0.4444444444444444
CIN,2009,162,78,84,78,Cincinnati Reds,0.90168242220000006,-0.103492903,0.48148148148148145
CIN,2010,162,91,71,91,Cincinnati Reds,0.8423093089,-0.171607982,0.5617283950617284
CIN,2011,162,79,83,79,Cincinnati Reds,0.8877707681,-0.119041713,0.4876543209876543
CIN,2013,162,90,72,90,Cincinnati Reds,1.1494605536,0.1392927485,0.5555555555555556
CIN,2015,162,64,98,64,Cincinnati Reds,0.9861302671,-0.013966816,0.3950617283950617
CIN,2016,162,68,94,68,Cincinnati Reds,0.7307025928,-0.313748752,0.41975308641975306
CIN,2017,162,68,94,68,Cincinnati Reds,0.7043107539,-0.350535608,0.41975308641975306
CIN,2019,162,75,87,75,Cincinnati Reds,1.0300889504,0.0296451582,0.46296296296296297
CIN,2020,60,31,29,83.7,Cincinnati Reds,0.9851130578,-0.014998865,0.5166666666666667
CIN,2021,162,83,79,83,Cincinnati Reds,1.0676820687,0.0654900078,0.5123456790123457
CIN,2023,162,82,80,82,Cincinnati Reds,0.5386443211,-0.618699813,0.5061728395061729
CLE,1998,162,89,73,89,Cleveland Indians,1.3012144904,0.2632980517,0.5493827160493827
CLE,2000,162,90,72,90,Cleveland Indians,1.2398703404,0.2150068099,0.5555555555555556
CLE,2001,162,91,71,91,Cleveland Indians,1.4225490821,0.3524503905,0.5617283950617284
CLE,2002,162,74,88,74,Cleveland Indians,1.2436795547,0.2180743684,0.4567901234567901
CLE,2003,162,68,94,68,Cleveland Indians,0.686420373,-0.37626505,0.41975308641975306
CLE,2004,162,80,82,80,Cleveland Indians,0.5262687368,-0.64194329000000006,0.49382716049382713
CLE,2005,162,93,69,93,Cleveland Indians,0.6006845945,-0.509685283,0.5740740740740741
CLE,2006,162,78,84,78,Cleveland Indians,0.7719370494,-0.258852274,0.48148148148148145
CLE,2007,162,96,66,96,Cleveland Indians,0.7065262741,-0.347394888,0.5925925925925926
CLE,2008,162,81,81,81,Cleveland Indians,0.9756919472,-0.02460837,0.5
CLE,2009,162,65,97,65,Cleveland Indians,1,0,0.4012345679012346
CLE,2010,162,69,93,69,Cleveland Indians,0.6797403659,-0.386044369,0.42592592592592593
CLE,2011,162,80,82,80,Cleveland Indians,0.5428834688,-0.610860588,0.49382716049382713
CLE,2012,162,68,94,68,Cleveland Indians,0.6959245455,-0.362514036,0.41975308641975306
CLE,2013,162,92,70,92,Cleveland Indians,0.8670876264,-0.142615239,0.5679012345679012
CLE,2014,162,85,77,85,Cleveland Indians,0.807054117,-0.214364554,0.5246913580246914
CLE,2015,161,81,80,81.50310559,Cleveland Indians,0.7521334102,-0.284841564,0.5031055900621118
CLE,2016,161,94,67,94.583850932,Cleveland Indians,0.7830078251,-0.244612589,0.5838509316770186
CLE,2017,162,102,60,102,Cleveland Indians,0.9165465797,-0.087142389,0.6296296296296297
CLE,2018,162,91,71,91,Cleveland Indians,1.0063955527,0.006375188,0.5617283950617284
CLE,2019,162,93,69,93,Cleveland Indians,0.9723675221,-0.028021437,0.5740740740740741
CLE,2020,60,35,25,94.5,Cleveland Indians,0.6429271052,-0.441723928,0.5833333333333334
CLE,2021,162,80,82,80,Cleveland Indians,0.4464947964,-0.806327533,0.49382716049382713
CLE,2023,162,76,86,76,Cleveland Guardians,0.6596289823,-0.41607775,0.4691358024691358
COL,1999,162,72,90,72,Colorado Rockies,1.1761000402,0.1622039141,0.4444444444444444
COL,2000,162,82,80,82,Colorado Rockies,1.038897893,0.038160433,0.5061728395061729
COL,2001,162,73,89,73,Colorado Rockies,1.0900927334,0.0862627691,0.4506172839506173
COL,2002,162,73,89,73,Colorado Rockies,0.8960198802,-0.109792679,0.4506172839506173
COL,2003,162,74,88,74,Colorado Rockies,0.9491334699,-0.052205848,0.4567901234567901
COL,2004,162,68,94,68,Colorado Rockies,1.0035678283,0.0035614787,0.41975308641975306
COL,2005,162,67,95,67,Colorado Rockies,0.6969692584,-0.361013975,0.41358024691358025
COL,2006,162,76,86,76,Colorado Rockies,0.5680604724,-0.5655274,0.4691358024691358
COL,2007,163,90,73,89.447852761,Colorado Rockies,0.6234789855,-0.472440219,0.5521472392638037
COL,2008,162,74,88,74,Colorado Rockies,0.8482532923,-0.164575994,0.4567901234567901
COL,2009,162,92,70,92,Colorado Rockies,0.9218162392,-0.081409382,0.5679012345679012
COL,2010,162,83,79,83,Colorado Rockies,0.9320893394,-0.070326611,0.5123456790123457
COL,2011,162,73,89,73,Colorado Rockies,0.9040785803,-0.100838997,0.4506172839506173
COL,2014,162,66,96,66,Colorado Rockies,0.8841994572,-0.123072612,0.4074074074074074
COL,2015,162,68,94,68,Colorado Rockies,0.8296786031,-0.186716878,0.41975308641975306
COL,2016,162,75,87,75,Colorado Rockies,0.9158664822,-0.087884687,0.46296296296296297
COL,2018,163,91,72,90.441717791,Colorado Rockies,1.0220822675,0.0218419851,0.558282208588957
COL,2019,162,71,91,71,Colorado Rockies,1.1811405916,0.1664805746,0.4382716049382716
COL,2020,60,26,34,70.2,Colorado Rockies,0.9521328119,-0.049050746,0.43333333333333335
COL,2021,162,75,87,75,Colorado Rockies,0.9997359808,-2.64054e-4,0.46296296296296297
COL,2023,162,59,103,59,Colorado Rockies,0.903613841,-0.101353177,0.36419753086419754
DET,1999,161,69,92,69.428571429,Detroit Tigers,0.7559141714,-0.279827439,0.42857142857142855
DET,2001,162,66,96,66,Detroit Tigers,0.7535756745,-0.282925835,0.4074074074074074
DET,2002,161,55,106,55.341614907,Detroit Tigers,0.8676024179,-0.142021713,0.3416149068322981
DET,2004,162,72,90,72,Detroit Tigers,0.7181445275,-0.331084438,0.4444444444444444
DET,2006,162,95,67,95,Detroit Tigers,1.1381442943,0.129399124,0.5864197530864198
DET,2007,162,88,74,88,Detroit Tigers,1.0903821825,0.0865282609,0.5432098765432098
DET,2008,162,74,88,74,Detroit Tigers,1.7011298558,0.5312926513,0.4567901234567901
DET,2009,163,86,77,85.472392638,Detroit Tigers,1.4107173515,0.344098335,0.5276073619631901
DET,2010,162,81,81,81,Detroit Tigers,1.482118839,0.3934727119,0.5
DET,2011,162,95,67,95,Detroit Tigers,1.1747329252,0.161040824,0.5864197530864198
DET,2012,162,88,74,88,Detroit Tigers,1.4251912011,0.354305981,0.5432098765432098
DET,2013,162,93,69,93,Detroit Tigers,1.5995187425,0.4697027981,0.5740740740740741
DET,2014,162,90,72,90,Detroit Tigers,1.5461077623,0.4357406517,0.5555555555555556
DET,2017,162,64,98,64,Detroit Tigers,1.4750756097,0.3887092493,0.3950617283950617
DET,2018,162,64,98,64,Detroit Tigers,0.9350078601,-0.067200343,0.3950617283950617
DET,2019,161,47,114,47.291925466,Detroit Tigers,0.936127624,-0.066003461,0.2919254658385093
DET,2021,162,77,85,77,Detroit Tigers,0.7684037274,-0.263439997,0.47530864197530864
DET,2022,162,66,96,66,Detroit Tigers,1.1713101214,0.1581228842,0.4074074074074074
DET,2023,162,78,84,78,Detroit Tigers,0.9914947304,-0.008541646,0.48148148148148145
HOU,1998,162,102,60,102,Houston Astros,0.8955431141,-0.110324913,0.6296296296296297
HOU,1999,162,97,65,97,Houston Astros,1.195484494,0.1785515376,0.5987654320987654
HOU,2000,162,72,90,72,Houston Astros,0.8492706645,-0.16337734,0.4444444444444444
HOU,2003,162,87,75,87,Houston Astros,1.0036733541,0.0036666238,0.5370370370370371
HOU,2004,162,92,70,92,Houston Astros,1.1561740464,0.1451163181,0.5679012345679012
HOU,2005,163,89,73,88.45398773,Houston Astros,1.1112574538,0.1054922154,0.5460122699386503
HOU,2007,162,73,89,73,Houston Astros,1.0053633009,0.0053489696,0.4506172839506173
HOU,2008,161,86,75,86.534161491,Houston Astros,1.0987541634,0.0941769592,0.5341614906832298
HOU,2009,162,74,88,74,Houston Astros,1.2625333042,0.2331202613,0.4567901234567901
HOU,2010,162,76,86,76,Houston Astros,1.0243064773,0.0240157761,0.4691358024691358
HOU,2011,162,56,106,56,Houston Astros,0.8453995542,-0.167945918,0.345679012345679
HOU,2013,162,51,111,51,Houston Astros,0.2808217468,-1.270035164,0.3148148148148148
HOU,2014,162,70,92,70,Houston Astros,0.4770143842,-0.740208633,0.43209876543209874
HOU,2016,162,84,78,84,Houston Astros,0.7877991587,-0.238512096,0.5185185185185185
HOU,2017,162,101,61,101,Houston Astros,0.9182283012,-0.085309225,0.6234567901234568
HOU,2018,162,103,59,103,Houston Astros,1.1970176812,0.1798331977,0.6358024691358025
HOU,2020,60,29,31,78.3,Houston Astros,1.3675491267,0.3130201792,0.48333333333333334
HOU,2022,162,106,56,106,Houston Astros,1.6104495004,0.4765133328,0.654320987654321
KCA,1998,161,72,89,72.447204969,Kansas City Royals,0.7254562687,-0.320954486,0.4472049689440994
KCA,1999,161,64,97,64.397515528,Kansas City Royals,0.357354487,-1.029027029,0.39751552795031053
KCA,2000,162,77,85,77,Kansas City Royals,0.3743922204,-0.982451313,0.47530864197530864
KCA,2001,162,65,97,65,Kansas City Royals,0.5397412689,-0.616665386,0.4012345679012346
KCA,2002,162,62,100,62,Kansas City Royals,0.7448097562,-0.294626454,0.38271604938271603
KCA,2003,162,83,79,83,Kansas City Royals,0.5724498446,-0.557830155,0.5123456790123457
KCA,2004,162,58,104,58,Kansas City Royals,0.7300594211,-0.314629349,0.35802469135802467
KCA,2006,162,62,100,62,Kansas City Royals,0.6515619039,-0.42838287,0.38271604938271603
KCA,2007,162,69,93,69,Kansas City Royals,0.7694565133,-0.26207084,0.42592592592592593
KCA,2009,162,65,97,65,Kansas City Royals,0.8644282169,-0.145687012,0.4012345679012346
KCA,2010,162,67,95,67,Kansas City Royals,0.8294090125,-0.187041865,0.41358024691358025
KCA,2011,162,71,91,71,Kansas City Royals,0.4193113251,-0.869141616,0.4382716049382716
KCA,2012,162,72,90,72,Kansas City Royals,0.6807300499,-0.384589454,0.4444444444444444
KCA,2013,162,86,76,86,Kansas City Royals,0.880706087,-0.127031322,0.5308641975308642
KCA,2014,162,89,73,89,Kansas City Royals,0.8710136223,-0.138097662,0.5493827160493827
KCA,2015,162,95,67,95,Kansas City Royals,0.9646174489,-0.036023682,0.5864197530864198
KCA,2016,162,81,81,81,Kansas City Royals,1.0690627612,0.0667823405,0.5
KCA,2017,162,80,82,80,Kansas City Royals,1.0560388439,0.0545249686,0.49382716049382713
KCA,2019,162,59,103,59,Kansas City Royals,0.7852536803,-0.241748454,0.36419753086419754
KCA,2021,162,74,88,74,Kansas City Royals,0.6571223448,-0.41988506,0.4567901234567901
KCA,2022,162,65,97,65,Kansas City Royals,0.6947137316,-0.364255415,0.4012345679012346
LAA,2005,162,95,67,95,Los Angeles Angels of Anaheim,1.414423117,0.3467217568,0.5864197530864198
LAA,2006,162,89,73,89,Los Angeles Angels of Anaheim,1.4255172604,0.3545347376,0.5493827160493827
LAA,2007,162,94,68,94,Los Angeles Angels of Anaheim,1.2515785363,0.2244055837,0.5802469135802469
LAA,2008,162,100,62,100,Los Angeles Angels of Anaheim,1.4729431286,0.3872625275,0.6172839506172839
LAA,2009,162,97,65,97,Los Angeles Angels of Anaheim,1.383551776,0.3246539434,0.5987654320987654
LAA,2010,162,80,82,80,Los Angeles Angels of Anaheim,1.339636614,0.2923983936,0.49382716049382713
LAA,2013,162,78,84,78,Los Angeles Angels of Anaheim,1.4766468576,0.3897738806,0.48148148148148145
LAA,2014,162,98,64,98,Los Angeles Angels of Anaheim,1.4602304713,0.3785942803,0.6049382716049383
LAA,2015,162,85,77,85,Los Angeles Angels of Anaheim,1.250818409,0.2237980643,0.5246913580246914
LAA,2016,162,74,88,74,Los Angeles Angels of Anaheim,1.3388849141,0.2918371139,0.4567901234567901
LAA,2017,162,80,82,80,Los Angeles Angels of Anaheim,1.2286167516,0.2058889443,0.49382716049382713
LAA,2020,60,26,34,70.2,Los Angeles Angels of Anaheim,1.2658625996,0.2357537867,0.43333333333333335
LAA,2021,162,77,85,77,Los Angeles Angels,0.425032113,-0.855590553,0.47530864197530864
LAA,2022,162,73,89,73,Los Angeles Angels,1.3079894674,0.2684912005,0.4506172839506173
LAA,2023,162,73,89,73,Los Angeles Angels,0.5260641395,-0.642332136,0.4506172839506173
LAN,1998,162,83,79,83,Los Angeles Dodgers,1.0573532005,0.0557688048,0.5123456790123457
LAN,1999,162,77,85,77,Los Angeles Dodgers,1.5381310773,0.4305680933,0.47530864197530864
LAN,2000,162,86,76,86,Los Angeles Dodgers,1.4700162075,0.3852734262,0.5308641975308642
LAN,2001,162,86,76,86,Los Angeles Dodgers,1.6624739917,0.5083068494,0.5308641975308642
LAN,2004,162,93,69,93,Los Angeles Dodgers,1.424604194,0.3538940165,0.5740740740740741
LAN,2005,162,71,91,71,Los Angeles Dodgers,1.2018612864,0.1838714271,0.4382716049382716
LAN,2006,162,88,74,88,Los Angeles Dodgers,1.3562912122,0.3047539247,0.5432098765432098
LAN,2007,162,82,80,82,Los Angeles Dodgers,1.2424503269,0.2170854999,0.5061728395061729
LAN,2008,162,84,78,84,Los Angeles Dodgers,1.4651865633,0.3819825813,0.5185185185185185
LAN,2010,162,80,82,80,Los Angeles Dodgers,1.1292173591,0.1215247902,0.49382716049382713
LAN,2014,162,94,68,94,Los Angeles Dodgers,2.1668774057,0.7732871477,0.5802469135802469
LAN,2015,162,92,70,92,Los Angeles Dodgers,2.3215074365,0.8422167318,0.5679012345679012
LAN,2016,162,91,71,91,Los Angeles Dodgers,2.030862563,0.7084606107,0.5617283950617284
LAN,2017,162,104,58,104,Los Angeles Dodgers,1.780786914,0.5770553531,0.6419753086419753
LAN,2018,163,92,71,91.435582822,Los Angeles Dodgers,1.3979534943,0.3350093774,0.5644171779141104
LAN,2019,162,106,56,106,Los Angeles Dodgers,1.5961190222,0.4675750716,0.654320987654321
LAN,2021,162,106,56,106,Los Angeles Dodgers,2.1855498553,0.7818674469,0.654320987654321
LAN,2022,162,111,51,111,Los Angeles Dodgers,2.5583388339,0.9393581549,0.6851851851851852
LAN,2023,162,100,62,100,Los Angeles Dodgers,1.799324982,0.5874115845,0.6172839506172839
MIA,2014,162,77,85,77,Miami Marlins,0.4329806591,-0.837062219,0.47530864197530864
MIA,2015,162,71,91,71,Miami Marlins,0.5900296364,-0.527582512,0.4382716049382716
MIA,2016,161,79,82,79.49068323,Miami Marlins,0.6046243516,-0.50314792,0.4906832298136646
MIA,2017,162,77,85,77,Miami Marlins,0.8522263502,-0.159903118,0.47530864197530864
MIA,2018,161,63,98,63.391304348,Miami Marlins,0.7426429598,-0.297539888,0.391304347826087
MIA,2019,162,57,105,57,Miami Marlins,0.5847077852,-0.536643069,0.35185185185185186
MIA,2020,60,31,29,83.7,Miami Marlins,0.7384078941,-0.303258905,0.5166666666666667
MIA,2021,162,67,95,67,Miami Marlins,0.204015674,-1.589558455,0.41358024691358025
MIA,2022,162,69,93,69,Miami Marlins,0.5464561055,-0.604301294,0.42592592592592593
MIA,2023,162,84,78,84,Miami Marlins,0.8170859372,-0.202011003,0.5185185185185185
MIL,2000,163,73,89,72.552147239,Milwaukee Brewers,0.5802269044,-0.544336038,0.44785276073619634
MIL,2001,162,68,94,68,Milwaukee Brewers,0.6687151363,-0.402397115,0.41975308641975306
MIL,2002,162,56,106,56,Milwaukee Brewers,0.7925782136,-0.232464086,0.345679012345679
MIL,2003,162,68,94,68,Milwaukee Brewers,0.5739898276,-0.555143605,0.41975308641975306
MIL,2004,161,67,94,67.416149068,Milwaukee Brewers,0.4221353268,-0.862429337,0.4161490683229814
MIL,2005,162,81,81,81,Milwaukee Brewers,0.5779950356,-0.548189999,0.5
MIL,2007,162,83,79,83,Milwaukee Brewers,0.8132182677,-0.206755733,0.5123456790123457
MIL,2008,162,90,72,90,Milwaukee Brewers,1,0,0.5555555555555556
MIL,2009,162,80,82,80,Milwaukee Brewers,0.9828796485,-0.017268599,0.49382716049382713
MIL,2010,162,77,85,77,Milwaukee Brewers,1,0,0.47530864197530864
MIL,2011,162,96,66,96,Milwaukee Brewers,0.9181313639,-0.085414801,0.5925925925925926
MIL,2012,162,83,79,83,Milwaukee Brewers,1.0439440725,0.0430059177,0.5123456790123457
MIL,2014,162,82,80,82,Milwaukee Brewers,0.9797888093,-0.020418231,0.5061728395061729
MIL,2015,162,68,94,68,Milwaukee Brewers,0.8909399217,-0.115478282,0.41975308641975306
MIL,2016,162,73,89,73,Milwaukee Brewers,0.5196096854,-0.654677354,0.4506172839506173
MIL,2020,60,29,31,78.3,Milwaukee Brewers,0.6964770088,-0.361720496,0.48333333333333334
MIL,2022,162,86,76,86,Milwaukee Brewers,1.0381926979,0.0374814109,0.5308641975308642
MIL,2023,162,92,70,92,Milwaukee Brewers,1.0377202988,0.0370262868,0.5679012345679012
MIN,1998,162,70,92,70,Minnesota Twins,0.57711382470000006,-0.549715762,0.43209876543209874
MIN,1999,161,63,97,63.391304348,Minnesota Twins,0.353635423,-1.039488775,0.391304347826087
MIN,2000,162,69,93,69,Minnesota Twins,0.2544570502,-1.368623219,0.42592592592592593
MIN,2001,162,85,77,85,Minnesota Twins,0.3676746931,-1.000556718,0.5246913580246914
MIN,2002,161,94,67,94.583850932,Minnesota Twins,0.633979568,-0.455738552,0.5838509316770186
MIN,2003,162,90,72,90,Minnesota Twins,0.7841904493,-0.243103368,0.5555555555555556
MIN,2004,162,92,70,92,Minnesota Twins,0.821698294,-0.19638199,0.5679012345679012
MIN,2006,162,96,66,96,Minnesota Twins,0.8733966754,-0.135365444,0.5925925925925926
MIN,2008,163,88,75,87.460122699,Minnesota Twins,0.7034164226,-0.351806212,0.5398773006134969
MIN,2009,163,87,76,86.466257669,Minnesota Twins,0.8004404703,-0.222593115,0.5337423312883436
MIN,2010,162,94,68,94,Minnesota Twins,1.0802049266,0.0771507699,0.5802469135802469
MIN,2011,162,63,99,63,Minnesota Twins,1.2437540999,0.2181343059,0.3888888888888889
MIN,2013,162,66,96,66,Minnesota Twins,0.8821935313,-0.125343824,0.4074074074074074
MIN,2014,162,70,92,70,Minnesota Twins,0.8075148724,-0.213793806,0.43209876543209874
MIN,2016,162,59,103,59,Minnesota Twins,0.8564210083,-0.154993192,0.36419753086419754
MIN,2017,162,85,77,85,Minnesota Twins,0.7982922759,-0.225280488,0.5246913580246914
MIN,2018,162,78,84,78,Minnesota Twins,0.9605852051,-0.040212592,0.48148148148148145
MIN,2019,162,101,61,101,Minnesota Twins,0.9729928703,-0.027378524,0.6234567901234568
MIN,2020,60,36,24,97.2,Minnesota Twins,0.8105378441,-0.210057247,0.6
MIN,2021,162,73,89,73,Minnesota Twins,1.0462103884,0.0451744816,0.4506172839506173
MIN,2022,162,78,84,78,Minnesota Twins,0.8534095352,-0.158515735,0.48148148148148145
MIN,2023,162,87,75,87,Minnesota Twins,0.9370962974,-0.06496923,0.5370370370370371
NYA,1998,162,114,48,114,New York Yankees,1.3921684447,0.3308625637,0.7037037037037037
NYA,1999,162,98,64,98,New York Yankees,1.9056032133,0.6447986058,0.6049382716049383
NYA,2000,161,87,74,87.540372671,New York Yankees,1.743735154,0.5560294527,0.5403726708074534
NYA,2001,161,95,65,95.590062112,New York Yankees,1.7109465746,0.5370467698,0.5900621118012422
NYA,2003,163,101,61,100.3803681,New York Yankees,2.1580928793,0.7692249055,0.6196319018404908
NYA,2004,162,101,61,101,New York Yankees,2.8245160054,1.0383370244,0.6234567901234568
NYA,2006,162,97,65,97,New York Yankees,2.6818422287,0.9865039571,0.5987654320987654
NYA,2007,162,94,68,94,New York Yankees,2.1724966813,0.7758770506,0.5802469135802469
NYA,2008,162,89,73,89,New York Yankees,2.5832473153,0.9490472568,0.5493827160493827
NYA,2009,162,103,59,103,New York Yankees,2.4693705376,0.9039632751,0.6358024691358025
NYA,2010,162,95,67,95,New York Yankees,2.3599613862,0.8586452571,0.5864197530864198
NYA,2011,162,97,65,97,New York Yankees,2.2741396726,0.821601815,0.5987654320987654
NYA,2012,162,95,67,95,New York Yankees,2.2313825336,0.8026213636,0.5864197530864198
NYA,2013,162,85,77,85,New York Yankees,2.4537708564,0.8976259664,0.5246913580246914
NYA,2014,162,84,78,84,New York Yankees,1.8635306858,0.6224729065,0.5185185185185185
NYA,2015,162,87,75,87,New York Yankees,1.8612374128,0.6212415422,0.5370370370370371
NYA,2016,162,84,78,84,New York Yankees,1.8374865488,0.6083986317,0.5185185185185185
NYA,2017,162,91,71,91,New York Yankees,1.4502567525,0.3717406114,0.5617283950617284
NYA,2018,162,100,62,100,New York Yankees,1.239689044,0.2148605772,0.6172839506172839
NYA,2019,162,103,59,103,New York Yankees,1.6580656598,0.5056516577,0.6358024691358025
NYA,2021,162,92,70,92,New York Yankees,1.7708322427,0.5714496297,0.5679012345679012
NYN,1999,163,97,66,96.404907975,New York Mets,1.5423612749,0.4333145375,0.5950920245398773
NYN,2000,162,94,68,94,New York Mets,1.2933549433,0.2572395735,0.5802469135802469
NYN,2001,162,82,80,82,New York Mets,1.4273401134,0.3558126517,0.5061728395061729
NYN,2002,161,75,86,75.465838509,New York Mets,1.491504398,0.3997852737,0.4658385093167702
NYN,2003,161,66,95,66.409937888,New York Mets,1.6597404493,0.5066612343,0.40993788819875776
NYN,2004,162,71,91,71,New York Mets,1.4822460418,0.3935585332,0.4382716049382716
NYN,2007,162,88,74,88,New York Mets,1.3200889376,0.2776991113,0.5432098765432098
NYN,2008,162,89,73,89,New York Mets,1.7024664427,0.5320780482,0.5493827160493827
NYN,2009,162,70,92,70,New York Mets,1.8310310625,0.6048792303,0.43209876543209874
NYN,2010,162,79,83,79,New York Mets,1.399191399,0.3358944976,0.4876543209876543
NYN,2011,162,77,85,77,New York Mets,1.5684322321,0.4500765422,0.47530864197530864
NYN,2012,162,74,88,74,New York Mets,1.0052072052,0.0051936946,0.4567901234567901
NYN,2014,162,79,83,79,New York Mets,0.8026617992,-0.219821825,0.4876543209876543
NYN,2015,162,90,72,90,New York Mets,0.8662151401,-0.143621972,0.5555555555555556
NYN,2016,162,87,75,87,New York Mets,1.0991536048,0.0945404334,0.5370370370370371
NYN,2017,162,70,92,70,New York Mets,1.140456802,0.1314288856,0.43209876543209874
NYN,2018,162,77,85,77,New York Mets,1.1236187806,0.1165545308,0.47530864197530864
NYN,2019,162,86,76,86,New York Mets,1.290137867,0.2547490863,0.5308641975308642
NYN,2020,60,26,34,70.2,New York Mets,1.4202380096,0.35082447,0.43333333333333335
NYN,2021,162,77,85,77,New York Mets,2.2093773689,0.7927107423,0.47530864197530864
NYN,2023,162,75,87,75,New York Mets,1.2518764952,0.2246436218,0.46296296296296297
OAK,1998,162,74,88,74,Oakland Athletics,0.4422280021,-0.815929688,0.4567901234567901
OAK,1999,162,87,75,87,Oakland Athletics,0.5221897417,-0.649724267,0.5370370370370371
OAK,2000,161,91,70,91.565217391,Oakland Athletics,0.5206131767,-0.652747976,0.5652173913043478
OAK,2002,162,103,59,103,Oakland Athletics,0.6304990556,-0.461243621,0.6358024691358025
OAK,2003,162,96,66,96,Oakland Athletics,0.7100993784,-0.342350349,0.5925925925925926
OAK,2004,162,91,71,91,Oakland Athletics,0.9112619053,-0.092924931,0.5617283950617284
OAK,2005,162,88,74,88,Oakland Athletics,0.80220231,-0.220394446,0.5432098765432098
OAK,2006,162,93,69,93,Oakland Athletics,0.8574992069,-0.153735025,0.5740740740740741
OAK,2007,162,76,86,76,Oakland Athletics,0.9092242252,-0.095163543,0.4691358024691358
OAK,2008,161,75,86,75.465838509,Oakland Athletics,0.5926440351,-0.523161338,0.4658385093167702
OAK,2009,162,75,87,75,Oakland Athletics,0.763797953,-0.269451984,0.46296296296296297
OAK,2010,162,81,81,81,Oakland Athletics,0.6449086364,-0.438646621,0.5
OAK,2011,162,74,88,74,Oakland Athletics,0.7369361391,-0.30525404,0.4567901234567901
OAK,2012,162,94,68,94,Oakland Athletics,0.5623635914,-0.575606678,0.5802469135802469
OAK,2013,162,96,66,96,Oakland Athletics,0.6665611642,-0.405623374,0.5925925925925926
OAK,2014,162,88,74,88,Oakland Athletics,0.777807887,-0.251275717,0.5432098765432098
OAK,2016,162,69,93,69,Oakland Athletics,0.7057825031,-0.348448158,0.42592592592592593
OAK,2017,162,75,87,75,Oakland Athletics,0.6036038009,-0.504837255,0.46296296296296297
OAK,2018,162,97,65,97,Oakland Athletics,0.4924514511,-0.7083594,0.5987654320987654
OAK,2019,162,97,65,97,Oakland Athletics,0.7495854438,-0.288234967,0.5987654320987654
OAK,2020,60,36,24,97.2,Oakland Athletics,0.6283049435,-0.464729652,0.6
OAK,2021,162,86,76,86,Oakland Athletics,0.6407962839,-0.445043682,0.5308641975308642
OAK,2022,162,60,102,60,Oakland Athletics,0.1683043846,-1.781981126,0.37037037037037035
OAK,2023,162,50,112,50,Oakland Athletics,0.3749513611,-0.980958965,0.30864197530864196
PHI,1999,162,77,85,77,Philadelphia Phillies,0.6598419679,-0.415754915,0.47530864197530864
PHI,2000,162,65,97,65,Philadelphia Phillies,0.7601296596,-0.274266255,0.4012345679012346
PHI,2001,162,86,76,86,Philadelphia Phillies,0.6348419815,-0.454379159,0.5308641975308642
PHI,2002,161,80,81,80.49689441,Philadelphia Phillies,0.9135925172,-0.090370631,0.4968944099378882
PHI,2003,162,86,76,86,Philadelphia Phillies,1,0,0.5308641975308642
PHI,2004,162,86,76,86,Philadelphia Phillies,1.4294677707,0.3573021867,0.5308641975308642
PHI,2005,162,88,74,88,Philadelphia Phillies,1.3825334337,0.3239176376,0.5432098765432098
PHI,2006,162,85,77,85,Philadelphia Phillies,1.2161276464,0.1956717504,0.5246913580246914
PHI,2007,162,89,73,89,Philadelphia Phillies,1.0244857327,0.0241907624,0.5493827160493827
PHI,2008,162,92,70,92,Philadelphia Phillies,1.2141452505,0.1940403317,0.5679012345679012
PHI,2010,162,97,65,97,Philadelphia Phillies,1.5283866361,0.4242126929,0.5987654320987654
PHI,2011,162,102,60,102,Philadelphia Phillies,1.823024315,0.6004968335,0.6296296296296297
PHI,2012,162,81,81,81,Philadelphia Phillies,1.8304114537,0.6045407797,0.5
PHI,2013,162,73,89,73,Philadelphia Phillies,1.7166868014,0.5403961549,0.4506172839506173
PHI,2014,162,73,89,73,Philadelphia Phillies,1.6792791391,0.5183646175,0.4506172839506173
PHI,2015,162,63,99,63,Philadelphia Phillies,1.2555030212,0.2275363059,0.3888888888888889
PHI,2016,162,71,91,71,Philadelphia Phillies,0.7207462372,-0.327468163,0.4382716049382716
PHI,2017,162,66,96,66,Philadelphia Phillies,0.7387614308,-0.302780237,0.4074074074074074
PHI,2018,162,80,82,80,Philadelphia Phillies,0.7110010717,-0.341081342,0.49382716049382713
PHI,2019,162,81,81,81,Philadelphia Phillies,1.1434369097,0.13403856,0.5
PHI,2020,60,28,32,75.6,Philadelphia Phillies,1.195824936,0.1788362702,0.4666666666666667
PHI,2021,162,82,80,82,Philadelphia Phillies,1.8521082152,0.616324566,0.5061728395061729
PHI,2023,162,90,72,90,Philadelphia Phillies,2.6274812906,0.9660257031,0.5555555555555556
PIT,1999,161,78,83,78.48447205,Pittsburgh Pirates,0.5236456471,-0.646940069,0.484472049689441
PIT,2000,162,69,93,69,Pittsburgh Pirates,0.4797406807,-0.73450957,0.42592592592592593
PIT,2003,162,75,87,75,Pittsburgh Pirates,0.7744056089,-0.2556595,0.46296296296296297
PIT,2006,162,67,95,67,Pittsburgh Pirates,0.6436229994,-0.440642129,0.41358024691358025
PIT,2007,162,68,94,68,Pittsburgh Pirates,0.4414876302,-0.817605277,0.41975308641975306
PIT,2008,162,67,95,67,Pittsburgh Pirates,0.6015726159,-0.508208026,0.41358024691358025
PIT,2009,161,62,99,62.385093168,Pittsburgh Pirates,0.5968803358,-0.516038628,0.38509316770186336
PIT,2010,162,57,105,57,Pittsburgh Pirates,0.4321299,-0.839029041,0.35185185185185186
PIT,2011,162,72,90,72,Pittsburgh Pirates,0.4618289838,-0.772560621,0.4444444444444444
PIT,2013,162,94,68,94,Pittsburgh Pirates,0.7186311287,-0.330407087,0.5802469135802469
PIT,2014,162,88,74,88,Pittsburgh Pirates,0.6796233096,-0.386216591,0.5432098765432098
PIT,2015,162,98,64,98,Pittsburgh Pirates,0.7697056973,-0.261747048,0.6049382716049383
PIT,2017,162,75,87,75,Pittsburgh Pirates,0.7074951206,-0.346024546,0.46296296296296297
PIT,2018,161,82,79,82.50931677,Pittsburgh Pirates,0.6443543464,-0.439506477,0.5093167701863354
PIT,2019,162,69,93,69,Pittsburgh Pirates,0.6083282469,-0.497040663,0.42592592592592593
PIT,2021,162,61,101,61,Pittsburgh Pirates,0.2227054014,-1.501905451,0.3765432098765432
PIT,2022,162,62,100,62,Pittsburgh Pirates,0.3374790658,-1.086251798,0.38271604938271603
PIT,2023,162,76,86,76,Pittsburgh Pirates,0.3719425578,-0.989015851,0.4691358024691358
SDN,1998,162,98,64,98,San Diego Padres,1,0,0.6049382716049383
SDN,1999,162,74,88,74,San Diego Padres,0.9931669549,-0.006856497,0.4567901234567901
SDN,2000,162,76,86,76,San Diego Padres,0.8897893031,-0.116770582,0.4691358024691358
SDN,2001,162,79,83,79,San Diego Padres,0.5924672064,-0.523459755,0.4876543209876543
SDN,2002,162,66,96,66,San Diego Padres,0.6528925694,-0.426342682,0.4074074074074074
SDN,2003,162,64,98,64,San Diego Padres,0.6771404352,-0.38987659,0.3950617283950617
SDN,2005,162,82,80,82,San Diego Padres,0.9160370665,-0.087698449,0.5061728395061729
SDN,2006,162,88,74,88,San Diego Padres,0.962954902,-0.037748699,0.5432098765432098
SDN,2009,162,75,87,75,San Diego Padres,0.5360952084,-0.623443506,0.46296296296296297
SDN,2010,162,90,72,90,San Diego Padres,0.4180968498,-0.872042175,0.5555555555555556
SDN,2011,162,71,91,71,San Diego Padres,0.503809982,-0.685556102,0.4382716049382716
SDN,2012,162,76,86,76,San Diego Padres,0.5916012227,-0.524922481,0.4691358024691358
SDN,2013,162,76,86,76,San Diego Padres,0.7350745018,-0.307783422,0.4691358024691358
SDN,2014,162,77,85,77,San Diego Padres,0.8563786636,-0.155042637,0.47530864197530864
SDN,2015,162,74,88,74,San Diego Padres,0.9264113002,-0.076436974,0.4567901234567901
SDN,2016,162,68,94,68,San Diego Padres,0.8072376798,-0.214137131,0.41975308641975306
SDN,2017,162,71,91,71,San Diego Padres,0.5141474132,-0.665245259,0.4382716049382716
SDN,2018,162,66,96,66,San Diego Padres,0.701802432,-0.35410335,0.4074074074074074
SDN,2020,60,37,23,99.9,San Diego Padres,1.1979734015,0.180631297,0.6166666666666667
SDN,2022,162,89,73,89,San Diego Padres,1.9262971154,0.655599567,0.5493827160493827
SDN,2023,162,82,80,82,San Diego Padres,1.9786203522,0.68239981,0.5061728395061729
SEA,1999,162,79,83,79,Seattle Mariners,0.9594176811,-0.041428761,0.4876543209876543
SEA,2001,162,116,46,116,Seattle Mariners,1.1385395501,0.1297463447,0.7160493827160493
SEA,2003,162,93,69,93,Seattle Mariners,1.2285838796,0.2058621887,0.5740740740740741
SEA,2004,162,63,99,63,Seattle Mariners,1.2500032049,0.2231461152,0.3888888888888889
SEA,2005,162,69,93,69,Seattle Mariners,1.2701084641,0.2391023016,0.42592592592592593
SEA,2006,162,78,84,78,Seattle Mariners,1.2118086068,0.19211396,0.48148148148148145
SEA,2007,162,88,74,88,Seattle Mariners,1.2196106892,0.1985317006,0.5432098765432098
SEA,2008,162,61,101,61,Seattle Mariners,1.4537943902,0.3741769593,0.3765432098765432
SEA,2010,162,61,101,61,Seattle Mariners,1.0081334948,0.0081005962,0.3765432098765432
SEA,2011,162,67,95,67,Seattle Mariners,1.0393067792,0.0385539324,0.41358024691358025
SEA,2012,162,75,87,75,Seattle Mariners,0.903305493,-0.10169447400000001,0.46296296296296297
SEA,2014,162,87,75,87,Seattle Mariners,0.8526280208,-0.15943191,0.5370370370370371
SEA,2015,162,76,86,76,Seattle Mariners,1.0532423507,0.0518733593,0.4691358024691358
SEA,2016,162,86,76,86,Seattle Mariners,1.1572228773,0.1460230635,0.5308641975308642
SEA,2017,162,78,84,78,Seattle Mariners,1.1395808645,0.130660532,0.48148148148148145
SEA,2019,162,68,94,68,Seattle Mariners,1.1913051899,0.1750495043,0.41975308641975306
SEA,2020,60,27,33,72.9,Seattle Mariners,0.9598907398,-0.040935814,0.45
SEA,2021,162,90,72,90,Seattle Mariners,0.7133728162,-0.337751111,0.5555555555555556
SEA,2022,162,90,72,90,Seattle Mariners,0.9618073021,-0.038941158,0.5555555555555556
SEA,2023,162,88,74,88,Seattle Mariners,0.8671384825,-0.142556589,0.5432098765432098
SFN,1998,163,89,74,88.45398773,San Francisco Giants,0.888750551,-0.117938678,0.5460122699386503
SFN,1999,162,86,76,86,San Francisco Giants,0.9959211814,-0.00408716,0.5308641975308642
SFN,2000,162,97,65,97,San Francisco Giants,0.8677633712,-0.141836215,0.5987654320987654
SFN,2001,162,90,72,90,San Francisco Giants,0.9642153329,-0.036440635,0.5555555555555556
SFN,2002,162,95,66,95,San Francisco Giants,1.2340707413,0.2103182506,0.5864197530864198
SFN,2003,161,100,61,100.62111801,San Francisco Giants,1.1705590138,0.1574814243,0.6211180124223602
SFN,2005,162,75,87,75,San Francisco Giants,1.3054984658,0.266584934,0.46296296296296297
SFN,2006,161,76,85,76.472049689,San Francisco Giants,1.2406929382,0.2156700446,0.4720496894409938
SFN,2008,162,72,90,72,San Francisco Giants,0.9463413244,-0.055151967,0.4444444444444444
SFN,2011,162,86,76,86,San Francisco Giants,1.2982475805,0.2610153401,0.5308641975308642
SFN,2012,162,94,68,94,San Francisco Giants,1.3971107585,0.3344063603,0.5802469135802469
SFN,2013,162,76,86,76,San Francisco Giants,1.4727476827,0.3871298279,0.4691358024691358
SFN,2014,162,88,74,88,San Francisco Giants,1.4086698459,0.3426458874,0.5432098765432098
SFN,2016,162,87,75,87,San Francisco Giants,1.39915894,0.335871299,0.5370370370370371
SFN,2017,162,64,98,64,San Francisco Giants,1.3353002352,0.2891561619,0.3950617283950617
SFN,2018,162,73,89,73,San Francisco Giants,1.4963683964,0.4030411035,0.4506172839506173
SFN,2019,162,77,85,77,San Francisco Giants,1.3838772587,0.3248891674,0.47530864197530864
SFN,2021,162,107,55,107,San Francisco Giants,1.6815896573,0.5197395706,0.6604938271604939
SFN,2022,162,81,81,81,San Francisco Giants,0.4789461232,-0.736167166,0.5
SFN,2023,162,79,83,79,San Francisco Giants,1.5692785308,0.4506159792,0.4876543209876543
SLN,1998,163,83,79,82.490797546,St. Louis Cardinals,1.1588013578,0.1473861586,0.50920245398773
SLN,2000,162,95,67,95,St. Louis Cardinals,1.0356564019,0.0350354305,0.5864197530864198
SLN,2001,162,93,69,93,St. Louis Cardinals,1.1967077283,0.1795742266,0.5740740740740741
SLN,2002,162,97,65,97,St. Louis Cardinals,1.1767176949,0.1627289481,0.5987654320987654
SLN,2003,162,85,77,85,St. Louis Cardinals,1.1837618819,0.168697403,0.5246913580246914
SLN,2004,162,105,57,105,St. Louis Cardinals,1.2762634924,0.2439366624,0.6481481481481481
SLN,2005,162,100,62,100,St. Louis Cardinals,1.3331041655,0.2875101818,0.6172839506172839
SLN,2006,161,83,78,83.51552795,St. Louis Cardinals,1.2246422575,0.2026487666,0.515527950310559
SLN,2007,162,78,84,78,St. Louis Cardinals,1.0343219316,0.0337460735,0.48148148148148145
SLN,2008,162,86,76,86,St. Louis Cardinals,1.2308812384,0.2077303668,0.5308641975308642
SLN,2009,162,91,71,91,St. Louis Cardinals,1.0851840407,0.0817495954,0.5617283950617284
SLN,2010,162,86,76,86,St. Louis Cardinals,1.0421699407,0.0413050209,0.5308641975308642
SLN,2011,162,90,72,90,St. Louis Cardinals,1.1977436446,0.1804394907,0.5555555555555556
SLN,2013,162,97,65,97,St. Louis Cardinals,1.25633553,0.2281991741,0.5987654320987654
SLN,2014,162,90,72,90,St. Louis Cardinals,1.0511440888,0.0498791794,0.5555555555555556
SLN,2017,162,83,79,83,St. Louis Cardinals,1.0940481679,0.0898847322,0.5123456790123457
SLN,2018,162,88,74,88,St. Louis Cardinals,1.191829166,0.1754892412,0.5432098765432098
SLN,2019,162,91,71,91,St. Louis Cardinals,1.3224053836,0.2794523386,0.5617283950617284
SLN,2020,58,30,28,83.793103448,St. Louis Cardinals,1.2341136371,0.2103530097,0.5172413793103449
SLN,2021,162,90,72,90,St. Louis Cardinals,1.4517468706,0.3727675697,0.5555555555555556
SLN,2022,162,93,69,93,St. Louis Cardinals,1.4920459523,0.4001483004,0.5740740740740741
SLN,2023,162,71,91,71,St. Louis Cardinals,1.0085052696,0.0084693036,0.4382716049382716
TBA,1998,162,63,99,63,Tampa Bay Devil Rays,0.5580475225,-0.583311154,0.3888888888888889
TBA,1999,162,69,93,69,Tampa Bay Devil Rays,0.817599476,-0.2013827,0.42592592592592593
TBA,2000,161,69,92,69.428571429,Tampa Bay Devil Rays,1.0437601297,0.0428297022,0.42857142857142855
TBA,2001,162,62,100,62,Tampa Bay Devil Rays,0.8682181523,-0.141312268,0.38271604938271603
TBA,2002,161,55,106,55.341614907,Tampa Bay Devil Rays,0.5418574903,-0.612752245,0.3416149068322981
TBA,2003,162,63,99,63,Tampa Bay Devil Rays,0.2773382311,-1.282517467,0.3888888888888889
TBA,2004,161,70,91,70.434782609,Tampa Bay Devil Rays,0.45323622,-0.791341832,0.43478260869565216
TBA,2005,162,67,95,67,Tampa Bay Devil Rays,0.4295586609,-0.844996967,0.41358024691358025
TBA,2006,162,61,101,61,Tampa Bay Devil Rays,0.4879476891,-0.717547073,0.3765432098765432
TBA,2007,162,66,96,66,Tampa Bay Devil Rays,0.2763577706,-1.286058982,0.4074074074074074
TBA,2008,162,97,65,97,Tampa Bay Rays,0.5404861472,-0.615286272,0.5987654320987654
TBA,2009,162,84,78,84,Tampa Bay Rays,0.7760931756,-0.253482694,0.5185185185185185
TBA,2011,162,91,71,91,Tampa Bay Rays,0.4631943378,-0.769608577,0.5617283950617284
TBA,2012,162,90,72,90,Tampa Bay Rays,0.6767465569,-0.390458438,0.5555555555555556
TBA,2013,163,92,71,91.435582822,Tampa Bay Rays,0.6661790166,-0.406196851,0.5644171779141104
TBA,2015,162,80,82,80,Tampa Bay Rays,0.647832429,-0.434123213,0.49382716049382713
TBA,2019,162,96,66,96,Tampa Bay Rays,0.4885958092,-0.716219697,0.5925925925925926
TBA,2020,60,40,20,108,Tampa Bay Rays,0.5112162866,-0.670962517,0.6666666666666666
TBA,2021,162,100,62,100,Tampa Bay Rays,0.5541864206,-0.590254149,0.6172839506172839
TBA,2022,162,86,76,86,Tampa Bay Rays,0.5633678335,-0.573822519,0.5308641975308642
TBA,2023,162,99,63,99,Tampa Bay Rays,0.6339418237,-0.45579809,0.6111111111111112
TEX,1998,162,88,74,88,Texas Rangers,1.2057969273,0.1871406988,0.5432098765432098
TEX,1999,162,95,67,95,Texas Rangers,1.7579409964,0.5641432358,0.5864197530864198
TEX,2000,162,71,91,71,Texas Rangers,1.14910859,0.1389865026,0.4382716049382716
TEX,2001,162,73,89,73,Texas Rangers,1.3381195141,0.2912652807,0.4506172839506173
TEX,2002,162,72,90,72,Texas Rangers,1.6663319118,0.5106247507,0.4444444444444444
TEX,2003,162,71,91,71,Texas Rangers,1.4621597485,0.3799146225,0.4382716049382716
TEX,2004,162,89,73,89,Texas Rangers,0.8441697067,-0.16940173,0.5493827160493827
TEX,2005,162,79,83,79,Texas Rangers,0.8083280264,-0.21278733,0.4876543209876543
TEX,2006,162,80,82,80,Texas Rangers,0.9399754072,-0.061901567,0.49382716049382713
TEX,2008,162,79,83,79,Texas Rangers,0.8366001771,-0.178409008,0.4876543209876543
TEX,2009,162,87,75,87,Texas Rangers,0.8357378647,-0.179440274,0.5370370370370371
TEX,2010,162,90,72,90,Texas Rangers,0.7168676445,-0.332864052,0.5555555555555556
TEX,2011,162,96,66,96,Texas Rangers,1.0118597578,0.011789982,0.5925925925925926
TEX,2012,162,93,69,93,Texas Rangers,1.285226239,0.2509347643,0.5740740740740741
TEX,2013,163,91,72,90.441717791,Texas Rangers,1.3483017368,0.2988458278,0.558282208588957
TEX,2014,162,67,95,67,Texas Rangers,1.2616179909,0.2323950169,0.41358024691358025
TEX,2016,162,95,67,95,Texas Rangers,1.2923948876,0.2564969992,0.5864197530864198
TEX,2018,162,67,95,67,Texas Rangers,0.9936044473,-0.006416092,0.41358024691358025
TEX,2019,162,78,84,78,Texas Rangers,0.9617912483,-0.03895785,0.48148148148148145
TEX,2020,60,22,38,59.4,Texas Rangers,1.1549817597,0.1440845514,0.36666666666666664
TEX,2021,162,60,102,60,Texas Rangers,0.310862279,-1.168405298,0.37037037037037035
TEX,2022,162,68,94,68,Texas Rangers,1.1134574938,0.1074700334,0.41975308641975306
TOR,1999,162,84,78,84,Toronto Blue Jays,1.0414532502,0.0406170937,0.5185185185185185
TOR,2000,162,83,79,83,Toronto Blue Jays,0.751431637,-0.285775043,0.5123456790123457
TOR,2001,162,80,82,80,Toronto Blue Jays,1.1716831,0.1584412621,0.49382716049382713
TOR,2002,162,78,84,78,Toronto Blue Jays,1.2114460318,0.1918147137,0.48148148148148145
TOR,2004,161,67,94,67.416149068,Toronto Blue Jays,0.7678129193,-0.26420917,0.4161490683229814
TOR,2005,162,80,82,80,Toronto Blue Jays,0.6617191571,-0.412914047,0.49382716049382713
TOR,2006,162,87,75,87,Toronto Blue Jays,0.9907614986,-0.009281441,0.5370370370370371
TOR,2007,162,83,79,83,Toronto Blue Jays,0.9387331657,-0.063224009,0.5123456790123457
TOR,2008,162,86,76,86,Toronto Blue Jays,1.2104883547,0.1910238771,0.5308641975308642
TOR,2009,162,75,87,75,Toronto Blue Jays,0.9872410316,-0.012841063,0.46296296296296297
TOR,2010,162,85,77,85,Toronto Blue Jays,0.8703804641,-0.138824848,0.5246913580246914
TOR,2011,162,81,81,81,Toronto Blue Jays,0.7750910972,-0.254774712,0.5
TOR,2012,162,73,89,73,Toronto Blue Jays,0.8906602095,-0.115792283,0.4506172839506173
TOR,2013,162,74,88,74,Toronto Blue Jays,1.2830886915,0.2492702115,0.4567901234567901
TOR,2014,162,83,79,83,Toronto Blue Jays,1.2961216043,0.259376424,0.5123456790123457
TOR,2015,162,93,69,93,Toronto Blue Jays,1.0762340915,0.0734679952,0.5740740740740741
TOR,2016,162,89,73,89,Toronto Blue Jays,1.1121132313,0.1062620174,0.5493827160493827
TOR,2017,162,76,86,76,Toronto Blue Jays,1.2065080672,0.1877302925,0.4691358024691358
TOR,2018,162,73,89,73,Toronto Blue Jays,1.2092817803,0.1900266134,0.4506172839506173
TOR,2019,162,67,95,67,Toronto Blue Jays,0.9314735242,-0.070987512,0.41358024691358025
TOR,2020,60,32,28,86.4,Toronto Blue Jays,0.9156733756,-0.088095555,0.5333333333333333
TOR,2022,162,92,70,92,Toronto Blue Jays,1.56903041,0.4504578553,0.5679012345679012
TOR,2023,162,89,73,89,Toronto Blue Jays,2.3341116776,0.8476313809,0.5493827160493827
WAS,2005,162,81,81,81,Washington Nationals,0.7031421872,-0.35219615,0.5
WAS,2006,162,71,91,71,Washington Nationals,0.869911052,-0.139364312,0.4382716049382716
WAS,2007,162,73,89,73,Washington Nationals,0.4281606523,-0.848256798,0.4506172839506173
WAS,2008,161,59,102,59.366459627,Washington Nationals,0.6790548346,-0.387053397,0.36645962732919257
WAS,2009,162,59,103,59,Washington Nationals,0.7395025343,-0.30177757,0.36419753086419754
WAS,2010,162,69,93,69,Washington Nationals,0.7330656579,-0.310520007,0.42592592592592593
WAS,2011,161,80,81,80.49689441,Washington Nationals,0.7502585109,-0.287337451,0.4968944099378882
WAS,2012,162,98,64,98,Washington Nationals,0.9842126417,-0.015913306,0.6049382716049383
WAS,2014,162,96,66,96,Washington Nationals,1.29781174,0.2606795693,0.5925925925925926
WAS,2015,162,83,79,83,Washington Nationals,1.3847792867,0.3255407672,0.5123456790123457
WAS,2016,162,95,67,95,Washington Nationals,1.1803843207,0.165840081,0.5864197530864198
WAS,2017,162,97,65,97,Washington Nationals,1.2135493223,0.19354939,0.5987654320987654
WAS,2018,162,82,80,82,Washington Nationals,1.3496742561,0.2998632715,0.5061728395061729
WAS,2019,162,93,69,93,Washington Nationals,1.6036329755,0.472271665,0.5740740740740741
WAS,2020,60,26,34,70.2,Washington Nationals,1.2294583829,0.2065737333,0.43333333333333335
WAS,2023,162,71,91,71,Washington Nationals,0.6003402103,-0.510258767,0.4382716049382716
